{"training_duration": 3.1896908283233643, "inference_latency": 0.0005499466945385111, "RMSE_loss": [165.50379943847656, 161.5106658935547, 161.8575897216797], "R_squared": [0.9901388883590698, 0.9895086288452148, 0.9908648133277893]}