{"training_duration": 2.7948358058929443, "inference_latency": 0.00048186824239533524, "RMSE_loss": [144.37025451660156, 132.11985778808594, 127.61014556884766], "R_squared": [0.9913980960845947, 0.9914177656173706, 0.9927977323532104]}