{"training_duration": 3.3160765171051025, "inference_latency": 0.0005717373305353625, "RMSE_loss": [1.484684944152832, 1.1159645318984985, 1.0127668380737305], "R_squared": [-0.21636521816253662, -0.15732967853546143, -0.19013166427612305]}