{"training_duration": 2.8078410625457764, "inference_latency": 0.00048411052802513387, "RMSE_loss": [141.74386596679688, 133.79705810546875, 139.49954223632812], "R_squared": [0.9915545582771301, 0.9913088083267212, 0.9921267032623291]}