{"training_duration": 3.70180606842041, "inference_latency": 0.0006382424255897259, "RMSE_loss": [1.9117275476455688, 1.7068804502487183, 1.8955761194229126], "R_squared": [-0.5662305355072021, -0.7701489925384521, -1.2275464534759521]}