{"training_duration": 3.3865253925323486, "inference_latency": 0.0005838836883676463, "RMSE_loss": [1.6358027458190918, 1.271951675415039, 1.3208839893341064], "R_squared": [-0.34017229080200195, -0.3190988302230835, -0.5522091388702393]}