{"training_duration": 3.468946933746338, "inference_latency": 0.0005980942989217824, "RMSE_loss": [1.5095936059951782, 1.1713796854019165, 1.6714563369750977], "R_squared": [-0.2367722988128662, -0.2147989273071289, -0.9641768932342529]}