{"training_duration": 3.830247163772583, "inference_latency": 0.0006603874420297557, "RMSE_loss": [1.7729467153549194, 1.59552001953125, 1.5416243076324463], "R_squared": [-0.4525308609008789, -0.6546608209609985, -0.8116074800491333]}