{"training_duration": 2.830512046813965, "inference_latency": 0.0004880193184162008, "RMSE_loss": [160.39276123046875, 147.91371154785156, 139.7270050048828], "R_squared": [0.9904434084892273, 0.9903918504714966, 0.9921138286590576]}