{"training_duration": 3.2660422325134277, "inference_latency": 0.0005631107297436944, "RMSE_loss": [172.83702087402344, 173.76773071289062, 162.80189514160156], "R_squared": [0.9897019267082214, 0.9887124300003052, 0.9908115267753601]}