{"training_duration": 3.614582061767578, "inference_latency": 0.0006232038037530307, "RMSE_loss": [1.3513456583023071, 0.8807377815246582, 0.7224741578102112], "R_squared": [-0.10712361335754395, 0.08661609888076782, 0.15099966526031494]}