{"training_duration": 4.335013389587402, "inference_latency": 0.0007474161016530005, "RMSE_loss": [1.392960786819458, 0.9371059536933899, 0.9302213788032532], "R_squared": [-0.14121794700622559, 0.02815854549407959, -0.09313011169433594]}