{"validation_rmse": 0.7519934987898648, "test_rmse": 0.5401574508276155, "validation_r2": 0.6910542929292929, "test_r2": 0.757486533205999}