{"training_duration": 4.932938098907471, "inference_latency": 0.0008505065687771502, "RMSE_loss": [143.9330596923828, 136.74085998535156, 136.06637573242188], "R_squared": [0.9914241433143616, 0.9911175966262817, 0.9923204779624939]}