{"training_duration": 3.5316219329833984, "inference_latency": 0.0006089003332729997, "RMSE_loss": [1.4637712240219116, 1.102047324180603, 1.071286916732788], "R_squared": [-0.19923114776611328, -0.1428966522216797, -0.25890040397644043]}