{"training_duration": 3.217607021331787, "inference_latency": 0.0005547598312641012, "RMSE_loss": [1.4769047498703003, 0.9053865075111389, 0.9740538001060486], "R_squared": [-0.20999109745025635, 0.06105375289916992, -0.14463889598846436]}