{"training_duration": 4.03740382194519, "inference_latency": 0.0006961041072319294, "RMSE_loss": [1.3770087957382202, 0.9124684929847717, 0.8691747784614563], "R_squared": [-0.12814879417419434, 0.05370926856994629, -0.021392464637756348]}