{"training_duration": 3.692202091217041, "inference_latency": 0.000636586567451214, "RMSE_loss": [1.4485138654708862, 1.1303316354751587, 1.0307540893554688], "R_squared": [-0.18673110008239746, -0.17222940921783447, -0.21126902103424072]}