{"training_duration": 3.98785662651062, "inference_latency": 0.0006875614873294172, "RMSE_loss": [1.44019615650177, 1.1148070096969604, 1.1921098232269287], "R_squared": [-0.1799166202545166, -0.15612924098968506, -0.4008828401565552]}