{"training_duration": 2.480846881866455, "inference_latency": 0.0004277322210114578, "RMSE_loss": [152.04083251953125, 129.3934783935547, 163.0239715576172], "R_squared": [0.9908499717712402, 0.988191545009613, 0.992851197719574]}