{"training_duration": 3.8249967098236084, "inference_latency": 0.000659482191348898, "RMSE_loss": [1.5358973741531372, 1.3334383964538574, 1.4616281986236572], "R_squared": [-0.25832223892211914, -0.3828645944595337, -0.7176017761230469]}