{"training_duration": 2.769090175628662, "inference_latency": 0.0004774293406256314, "RMSE_loss": [148.45449829101562, 104.78964233398438, 157.86798095703125], "R_squared": [0.9910658001899719, 0.9904369115829468, 0.9930773377418518]}