{"training_duration": 3.0755672454833984, "inference_latency": 0.000530270214738517, "RMSE_loss": [3.681990623474121, 2.4144504070281982, 2.3487484455108643], "R_squared": [-2.0165627002716064, -1.503946304321289, -1.760082483291626]}