{"training_duration": 2.8346712589263916, "inference_latency": 0.0004887364239528261, "RMSE_loss": [192.62417602539062, 186.69395446777344, 187.10853576660156], "R_squared": [0.988523006439209, 0.9878727793693542, 0.9894396662712097]}