{"training_duration": 2.3328475952148438, "inference_latency": 0.0004022151026232489, "RMSE_loss": [142.50039672851562, 104.1455078125, 155.83726501464844], "R_squared": [0.9914241433143616, 0.9904956817626953, 0.9931663870811462]}