{"training_duration": 3.400878429412842, "inference_latency": 0.0005863583498987658, "RMSE_loss": [1.4667760133743286, 0.8155068755149841, 1.0410161018371582], "R_squared": [-0.20169281959533691, 0.1542649269104004, -0.22332823276519775]}