{"training_duration": 4.609375953674316, "inference_latency": 0.0007947199920128132, "RMSE_loss": [1.3547531366348267, 0.8625329732894897, 0.7899061441421509], "R_squared": [-0.10991537570953369, 0.10549575090408325, 0.07175838947296143]}