{"training_duration": 2.75388240814209, "inference_latency": 0.0004748073117486362, "RMSE_loss": [201.5178680419922, 198.22926330566406, 198.38107299804688], "R_squared": [0.987993061542511, 0.987123429775238, 0.9888034462928772]}