{"training_duration": 3.4507038593292236, "inference_latency": 0.0005949489412636592, "RMSE_loss": [1.5137135982513428, 1.2041813135147095, 1.346418023109436], "R_squared": [-0.24014770984649658, -0.2488163709640503, -0.5822149515151978]}