{"validation_rmse": 128.2398552064312, "test_rmse": 109.1745382556224, "validation_r2": 0.3869921603034009, "test_r2": 0.18257416642479962}