{"training_duration": 3.610811710357666, "inference_latency": 0.0006225537431651148, "RMSE_loss": [1.2763760089874268, 1.01182222366333, 1.0567213296890259], "R_squared": [-0.04570293426513672, -0.04932725429534912, -0.24178385734558105]}