{"training_duration": 3.094787836074829, "inference_latency": 0.000533584109668074, "RMSE_loss": [147.7626190185547, 117.81065368652344, 165.88755798339844], "R_squared": [0.9911074638366699, 0.9892486333847046, 0.992725670337677]}