{"training_duration": 3.1911306381225586, "inference_latency": 0.0005501949376073377, "RMSE_loss": [1.4772194623947144, 0.9506611227989197, 1.0573620796203613], "R_squared": [-0.2102489471435547, 0.014100968837738037, -0.24253690242767334]}