{"training_duration": 3.46126389503479, "inference_latency": 0.0005967696370749638, "RMSE_loss": [174.5995330810547, 151.3748779296875, 190.12161254882812], "R_squared": [0.9894923567771912, 0.9861855506896973, 0.9916629791259766]}