{"training_duration": 3.0313706398010254, "inference_latency": 0.0005226501103105216, "RMSE_loss": [184.9212188720703, 167.72781372070312, 188.41749572753906], "R_squared": [0.9889819622039795, 0.9891047477722168, 0.9893657565116882]}