{"validation_rmse": 80.50386877450705, "test_rmse": 81.08205931814132, "validation_r2": 0.5678308956101792, "test_r2": 0.3170622541917508}