{"training_duration": 2.8085691928863525, "inference_latency": 0.0004842360677390263, "RMSE_loss": [154.6181182861328, 149.11172485351562, 151.21270751953125], "R_squared": [0.9907875061035156, 0.9903140068054199, 0.9914655685424805]}