{"training_duration": 2.9765005111694336, "inference_latency": 0.0005131897433050748, "RMSE_loss": [201.49224853515625, 198.2255096435547, 198.3877716064453], "R_squared": [0.9879946112632751, 0.9871236681938171, 0.9888030290603638]}