{"training_duration": 2.9203879833221436, "inference_latency": 0.0005035151695383006, "RMSE_loss": [143.51742553710938, 128.06231689453125, 131.93617248535156], "R_squared": [0.9914488792419434, 0.9916813373565674, 0.9925535321235657]}