{"training_duration": 2.817622661590576, "inference_latency": 0.00048579701061906487, "RMSE_loss": [136.3511962890625, 94.9293212890625, 154.16978454589844], "R_squared": [0.991794228553772, 0.9913367629051208, 0.9932394623756409]}