{"training_duration": 2.886554002761841, "inference_latency": 0.0004976817246141105, "RMSE_loss": [170.40122985839844, 151.28741455078125, 188.61036682128906], "R_squared": [0.989745020866394, 0.9861935377120972, 0.9917292594909668]}