{"training_duration": 2.5289061069488525, "inference_latency": 0.0004360182943015263, "RMSE_loss": [175.30397033691406, 171.06068420410156, 167.93661499023438], "R_squared": [0.9895549416542053, 0.9888882637023926, 0.9905217289924622]}