{"training_duration": 3.0658042430877686, "inference_latency": 0.0005285869384634084, "RMSE_loss": [140.79942321777344, 99.13691711425781, 152.42440795898438], "R_squared": [0.9915264844894409, 0.9909527897834778, 0.9933160543441772]}