{"training_duration": 3.4073326587677, "inference_latency": 0.0005874711480633966, "RMSE_loss": [153.93804931640625, 128.33692932128906, 162.769775390625], "R_squared": [0.9907358288764954, 0.9882879853248596, 0.992862343788147]}