{"training_duration": 2.4729504585266113, "inference_latency": 0.00042637076871148474, "RMSE_loss": [149.6553192138672, 129.61549377441406, 141.89974975585938], "R_squared": [0.9910832047462463, 0.9915804266929626, 0.9919912219047546]}