{"training_duration": 2.4477171897888184, "inference_latency": 0.0004220202051360032, "RMSE_loss": [150.8442840576172, 139.9311981201172, 143.0315704345703], "R_squared": [0.9910123348236084, 0.9909103512763977, 0.9919273257255554]}