{"training_duration": 2.809582471847534, "inference_latency": 0.00048441077100819555, "RMSE_loss": [137.0084991455078, 96.39154052734375, 149.26341247558594], "R_squared": [0.9917546510696411, 0.9912033081054688, 0.99345463514328]}