{"training_duration": 3.795227527618408, "inference_latency": 0.0006543495737273118, "RMSE_loss": [1.3741871118545532, 1.1517151594161987, 1.3633829355239868], "R_squared": [-0.12583708763122559, -0.19440555572509766, -0.6021507978439331]}