{"validation_rmse": 102.92641813333339, "test_rmse": 72.13899112816937, "validation_r2": 0.19892028851995447, "test_r2": 0.6058301532722916}