{"training_duration": 3.079803705215454, "inference_latency": 0.0005310006388302507, "RMSE_loss": [144.6609649658203, 100.14263153076172, 151.27210998535156], "R_squared": [0.9912941455841064, 0.9908609986305237, 0.993366539478302]}