{"training_duration": 3.2143218517303467, "inference_latency": 0.0005541934227121288, "RMSE_loss": [2.248750925064087, 1.5241047143936157, 1.7104158401489258], "R_squared": [-0.8423453569412231, -0.5805983543395996, -1.0099592208862305]}