{"training_duration": 2.8204140663146973, "inference_latency": 0.00048627828729563746, "RMSE_loss": [139.8796844482422, 100.2300033569336, 149.40850830078125], "R_squared": [0.9915818572044373, 0.9908530116081238, 0.9934482574462891]}