{"validation_rmse": 92.57827768648909, "test_rmse": 97.15081422967508, "validation_r2": -0.23753506849446482, "test_r2": 0.2634261900227478}