{"training_duration": 3.3125357627868652, "inference_latency": 0.0005711268556529078, "RMSE_loss": [152.00625610351562, 118.42057800292969, 163.9351806640625], "R_squared": [0.9908520579338074, 0.9891929626464844, 0.9928112626075745]}