{"training_duration": 4.323898792266846, "inference_latency": 0.0007454997917701458, "RMSE_loss": [151.6279754638672, 136.8754425048828, 140.85159301757812], "R_squared": [0.9909656643867493, 0.9911088347434998, 0.9920503497123718]}