{"training_duration": 2.918809175491333, "inference_latency": 0.0005032429612916091, "RMSE_loss": [147.66436767578125, 130.8338623046875, 134.3686065673828], "R_squared": [0.9912018179893494, 0.9915013313293457, 0.992416262626648]}