{"training_duration": 3.4301836490631104, "inference_latency": 0.0005914109739763983, "RMSE_loss": [140.70077514648438, 96.6649169921875, 154.23483276367188], "R_squared": [0.9915324449539185, 0.9911783933639526, 0.9932366609573364]}