{"training_duration": 3.110243320465088, "inference_latency": 0.0005362488483560496, "RMSE_loss": [149.6132354736328, 113.14571380615234, 153.13414001464844], "R_squared": [0.9909960627555847, 0.9896743297576904, 0.9932848811149597]}