{"training_duration": 2.987947940826416, "inference_latency": 0.00051516343807352, "RMSE_loss": [156.0355987548828, 139.9463348388672, 151.51113891601562], "R_squared": [0.9907030463218689, 0.9909093976020813, 0.9914487600326538]}