{"training_duration": 2.136427164077759, "inference_latency": 0.00036834951104788947, "RMSE_loss": [158.01791381835938, 146.6574249267578, 160.07171630859375], "R_squared": [0.9905849099159241, 0.9904734492301941, 0.9909656047821045]}