{"training_duration": 3.7549781799316406, "inference_latency": 0.0006474100310226966, "RMSE_loss": [1.3586045503616333, 1.097556471824646, 1.1586134433746338], "R_squared": [-0.11307072639465332, -0.13823938369750977, -0.36152029037475586]}