{"training_duration": 2.6079187393188477, "inference_latency": 0.00044964116195152546, "RMSE_loss": [139.68482971191406, 106.58951568603516, 155.8769989013672], "R_squared": [0.991593599319458, 0.9902726411819458, 0.993164598941803]}