{"training_duration": 3.651299476623535, "inference_latency": 0.0006295343925212992, "RMSE_loss": [1.7495203018188477, 1.3029297590255737, 1.4166158437728882], "R_squared": [-0.4333381652832031, -0.3512251377105713, -0.6647063493728638]}