{"training_duration": 2.6980583667755127, "inference_latency": 0.0004651824770302608, "RMSE_loss": [167.3148651123047, 159.8916778564453, 159.87088012695312], "R_squared": [0.9900310039520264, 0.9896137714385986, 0.9909769296646118]}