{"training_duration": 2.6524486541748047, "inference_latency": 0.0004573187334784146, "RMSE_loss": [138.1294708251953, 101.03401947021484, 151.02273559570312], "R_squared": [0.9916871786117554, 0.9907796382904053, 0.9933775067329407]}