{"validation_rmse": 0.6923390306297439, "test_rmse": 0.587542418204817, "validation_r2": 0.738126456876457, "test_r2": 0.7130715774426244}