{"training_duration": 3.5119032859802246, "inference_latency": 0.0006055005665483146, "RMSE_loss": [1.2740033864974976, 0.8902369141578674, 0.8555430173873901], "R_squared": [-0.04375910758972168, 0.07676488161087036, -0.005373477935791016]}