{"training_duration": 2.5542237758636475, "inference_latency": 0.00044038340963166336, "RMSE_loss": [139.92477416992188, 101.83222198486328, 160.43043518066406], "R_squared": [0.9915791749954224, 0.9907068014144897, 0.9929649829864502]}