{"training_duration": 3.6756365299224854, "inference_latency": 0.0006337304361935319, "RMSE_loss": [1.5377452373504639, 1.2762266397476196, 1.2433642148971558], "R_squared": [-0.25983619689941406, -0.32353222370147705, -0.4611133337020874]}