{"training_duration": 3.256272554397583, "inference_latency": 0.0005614263024823419, "RMSE_loss": [1.4163833856582642, 1.0195119380950928, 0.9432264566421509], "R_squared": [-0.1604074239730835, -0.057301998138427734, -0.1084127426147461]}