{"training_duration": 2.631585121154785, "inference_latency": 0.000453721572612894, "RMSE_loss": [139.83262634277344, 120.88624572753906, 123.15885162353516], "R_squared": [0.9916684627532959, 0.9921475052833557, 0.9930489659309387]}