{"training_duration": 3.0190885066986084, "inference_latency": 0.0005205325011549325, "RMSE_loss": [140.06292724609375, 129.32034301757812, 131.1829833984375], "R_squared": [0.9916546940803528, 0.9915996193885803, 0.9925960898399353]}