{"training_duration": 3.139845371246338, "inference_latency": 0.0005413526502148859, "RMSE_loss": [155.9197998046875, 130.48362731933594, 186.18067932128906], "R_squared": [0.9906165599822998, 0.9880920648574829, 0.9918357729911804]}