{"training_duration": 3.602477550506592, "inference_latency": 0.0006211168190528607, "RMSE_loss": [1.3245140314102173, 0.8834686279296875, 0.8136028051376343], "R_squared": [-0.08514118194580078, 0.08378404378890991, 0.043911755084991455]}