{"training_duration": 2.9034605026245117, "inference_latency": 0.0005005966383835365, "RMSE_loss": [141.4248046875, 122.34850311279297, 132.86026000976562], "R_squared": [0.9915735721588135, 0.9920524954795837, 0.9925013780593872]}