{"training_duration": 3.2150933742523193, "inference_latency": 0.0005543264438366067, "RMSE_loss": [1.3472914695739746, 0.8571111559867859, 0.8843473792076111], "R_squared": [-0.10380220413208008, 0.11111849546432495, -0.03922224044799805]}