{"training_duration": 3.4763314723968506, "inference_latency": 0.0005993674952408364, "RMSE_loss": [1.3102761507034302, 1.0282198190689087, 0.9748515486717224], "R_squared": [-0.07347643375396729, -0.06633257865905762, -0.1455763578414917]}