{"training_duration": 3.5934910774230957, "inference_latency": 0.000619567427141913, "RMSE_loss": [140.38925170898438, 125.94573974609375, 134.42315673828125], "R_squared": [0.991635262966156, 0.9918188452720642, 0.9924131631851196]}