{"training_duration": 2.600477695465088, "inference_latency": 0.00044835822335604963, "RMSE_loss": [163.38278198242188, 154.6719207763672, 160.44607543945312], "R_squared": [0.9902652502059937, 0.9899528622627258, 0.9909444451332092]}