{"validation_rmse": 129.11195142201205, "test_rmse": 125.40071255649794, "validation_r2": 0.3429031467398007, "test_r2": 0.23532956130447058}