{"training_duration": 3.040347099304199, "inference_latency": 0.0005241977757421033, "RMSE_loss": [161.860107421875, 123.81497192382812, 180.63796997070312], "R_squared": [0.990259051322937, 0.9887006878852844, 0.9920788407325745]}