{"training_duration": 2.374025583267212, "inference_latency": 0.0004093147557357262, "RMSE_loss": [144.55166625976562, 141.53135681152344, 132.28448486328125], "R_squared": [0.9913872480392456, 0.9908064007759094, 0.9925339221954346]}