{"training_duration": 3.0992510318756104, "inference_latency": 0.0005343536261854501, "RMSE_loss": [1.4937398433685303, 1.113032579421997, 1.1454795598983765], "R_squared": [-0.22378361225128174, -0.1542891263961792, -0.3460862636566162]}