{"training_duration": 3.8700850009918213, "inference_latency": 0.0006672560346537623, "RMSE_loss": [1.2876033782958984, 1.1070303916931152, 1.019419550895691], "R_squared": [-0.05490124225616455, -0.14806437492370605, -0.19794952869415283]}