{"training_duration": 2.622849941253662, "inference_latency": 0.00045221550711270036, "RMSE_loss": [149.57839965820312, 120.24502563476562, 163.958251953125], "R_squared": [0.9909982085227966, 0.9890264272689819, 0.9928102493286133]}