{"training_duration": 3.20467472076416, "inference_latency": 0.0005525301242696828, "RMSE_loss": [1.1276190280914307, 0.9700886607170105, 0.8932777643203735], "R_squared": [0.07616996765136719, -0.006046652793884277, -0.04971659183502197]}