{"training_duration": 3.0473906993865967, "inference_latency": 0.0005254121895494132, "RMSE_loss": [137.41123962402344, 124.60859680175781, 130.1529998779297], "R_squared": [0.9918127059936523, 0.991905689239502, 0.9926542043685913]}