{"training_duration": 2.8018925189971924, "inference_latency": 0.00048308491706848143, "RMSE_loss": [187.53375244140625, 171.05731201171875, 179.63575744628906], "R_squared": [0.9888262748718262, 0.9888885021209717, 0.9898614287376404]}