{"training_duration": 2.8343489170074463, "inference_latency": 0.0004886808477599045, "RMSE_loss": [136.12266540527344, 99.78860473632812, 148.4125213623047], "R_squared": [0.9918079376220703, 0.9908933043479919, 0.9934919476509094]}