{"validation_rmse": 107.03818402261591, "test_rmse": 107.35036129687742, "validation_r2": -0.3064871643199205, "test_r2": 0.2825840003610587}