{"training_duration": 3.0899250507354736, "inference_latency": 0.0005327456984026679, "RMSE_loss": [181.93421936035156, 147.46994018554688, 199.60885620117188], "R_squared": [0.9890509843826294, 0.9865419268608093, 0.9912469387054443]}