{"training_duration": 3.079313278198242, "inference_latency": 0.0005309160824479728, "RMSE_loss": [160.1239471435547, 126.18382263183594, 168.70664978027344], "R_squared": [0.9903635382652283, 0.9884845018386841, 0.9926020503044128]}