{"training_duration": 3.827125310897827, "inference_latency": 0.0006598491915341081, "RMSE_loss": [2.0039193630218506, 1.596971035003662, 1.7209690809249878], "R_squared": [-0.6417609453201294, -0.656165599822998, -1.0223608016967773]}