{"training_duration": 2.5892512798309326, "inference_latency": 0.0004464226344536091, "RMSE_loss": [137.7788848876953, 128.254638671875, 126.45592498779297], "R_squared": [0.9917908310890198, 0.9916688799858093, 0.99286288022995]}