{"training_duration": 3.2813689708709717, "inference_latency": 0.0005657532708398227, "RMSE_loss": [183.95140075683594, 148.6211700439453, 210.66346740722656], "R_squared": [0.9889295697212219, 0.9864368438720703, 0.9907621741294861]}