{"training_duration": 2.808807373046875, "inference_latency": 0.00048427713328394397, "RMSE_loss": [181.29202270507812, 157.1291046142578, 201.05340576171875], "R_squared": [0.9890896081924438, 0.9856604337692261, 0.9911835789680481]}