{"training_duration": 3.0643086433410645, "inference_latency": 0.0005283290764381145, "RMSE_loss": [192.2255096435547, 184.94491577148438, 190.0076141357422], "R_squared": [0.9885467290878296, 0.9879863858222961, 0.9892759919166565]}