{"training_duration": 3.653926134109497, "inference_latency": 0.0006299872645016374, "RMSE_loss": [1.4176181554794312, 1.0238820314407349, 0.9609024524688721], "R_squared": [-0.16141903400421143, -0.061833977699279785, -0.12918436527252197]}