{"training_duration": 2.849003791809082, "inference_latency": 0.0004912075503119107, "RMSE_loss": [152.8024139404297, 130.97088623046875, 167.05934143066406], "R_squared": [0.990804135799408, 0.9880475997924805, 0.9926742911338806]}