{"training_duration": 4.820798397064209, "inference_latency": 0.0008311721374248636, "RMSE_loss": [1.2638427019119263, 0.8332052826881409, 0.7660319209098816], "R_squared": [-0.035434722900390625, 0.1359105110168457, 0.09981364011764526]}