{"training_duration": 3.8147497177124023, "inference_latency": 0.0006577154685711038, "RMSE_loss": [1.468879222869873, 1.2417824268341064, 1.285161018371582], "R_squared": [-0.20341598987579346, -0.287811279296875, -0.5102300643920898]}