{"training_duration": 3.3139829635620117, "inference_latency": 0.000571376373027933, "RMSE_loss": [3.4081039428710938, 3.5982894897460938, 2.0767714977264404], "R_squared": [-1.7921743392944336, -2.731666326522827, -1.440474510192871]}