{"training_duration": 2.5303938388824463, "inference_latency": 0.0004362747998073183, "RMSE_loss": [138.93557739257812, 101.7564926147461, 156.35952758789062], "R_squared": [0.9916386604309082, 0.9907137155532837, 0.9931434392929077]}