{"training_duration": 3.571690082550049, "inference_latency": 0.0006158086349224222, "RMSE_loss": [159.27610778808594, 124.33592987060547, 176.9116973876953], "R_squared": [0.990414559841156, 0.9886531233787537, 0.9922422170639038]}