{"training_duration": 2.774122476577759, "inference_latency": 0.0004782969787203032, "RMSE_loss": [143.62779235839844, 104.77367401123047, 156.0639190673828], "R_squared": [0.9913563132286072, 0.9904383420944214, 0.9931564331054688]}