{"training_duration": 3.999300241470337, "inference_latency": 0.0006895345243914374, "RMSE_loss": [153.7930908203125, 154.9537811279297, 144.18650817871094], "R_squared": [0.9908366203308105, 0.989934504032135, 0.9918621778488159]}