{"training_duration": 2.8707094192504883, "inference_latency": 0.0004949498998707739, "RMSE_loss": [151.33883666992188, 148.59742736816406, 143.24208068847656], "R_squared": [0.9909828901290894, 0.9903474450111389, 0.9919154644012451]}