{"training_duration": 2.828791856765747, "inference_latency": 0.0004877227339251288, "RMSE_loss": [174.61866760253906, 173.2807159423828, 171.9063262939453], "R_squared": [0.9895957708358765, 0.9887440800666809, 0.9902976751327515]}