{"training_duration": 2.7060940265655518, "inference_latency": 0.0004665679356147503, "RMSE_loss": [141.3011474609375, 135.595703125, 133.7669219970703], "R_squared": [0.9915809631347656, 0.9911919832229614, 0.9924502372741699]}