{"validation_rmse": 114.87411370713595, "test_rmse": 114.20419777890207, "validation_r2": 0.2940126875069522, "test_r2": 0.3047141213504645}