{"training_duration": 3.7299702167510986, "inference_latency": 0.0006430983132329481, "RMSE_loss": [1.328985333442688, 1.1193770170211792, 0.9644972085952759], "R_squared": [-0.08880436420440674, -0.16086864471435547, -0.13340866565704346]}