{"validation_rmse": 83.75186596884313, "test_rmse": 102.69772099481624, "validation_r2": 0.2979814074887729, "test_r2": 0.34175553791931057}