{"training_duration": 2.956400156021118, "inference_latency": 0.0005097241648312273, "RMSE_loss": [179.90713500976562, 176.0636444091797, 172.71926879882812], "R_squared": [0.9892807006835938, 0.9885632991790771, 0.9902517795562744]}