{"training_duration": 2.90138578414917, "inference_latency": 0.000500238928301581, "RMSE_loss": [184.44406127929688, 183.37538146972656, 178.65000915527344], "R_squared": [0.9890103936195374, 0.9880883097648621, 0.9899170398712158]}