{"training_duration": 3.470428228378296, "inference_latency": 0.000598349694547982, "RMSE_loss": [1.5923868417739868, 1.1616301536560059, 1.2627214193344116], "R_squared": [-0.30460262298583984, -0.20468807220458984, -0.4838606119155884]}