{"training_duration": 3.3125367164611816, "inference_latency": 0.0005711270200795141, "RMSE_loss": [142.7682647705078, 135.67486572265625, 131.12254333496094], "R_squared": [0.9914935231208801, 0.9911868572235107, 0.9925994873046875]}