{"validation_rmse": 108.91150744340489, "test_rmse": 85.11316952864917, "validation_r2": 0.2208465028620844, "test_r2": 0.34734480289695047}