{"training_duration": 2.5872490406036377, "inference_latency": 0.00044607742079373066, "RMSE_loss": [138.89768981933594, 97.29337310791016, 158.1638641357422], "R_squared": [0.9916409850120544, 0.9911209940910339, 0.9930643439292908]}