{"training_duration": 2.991292953491211, "inference_latency": 0.0005157401643950364, "RMSE_loss": [200.3673858642578, 177.505859375, 222.68324279785156], "R_squared": [0.9879416227340698, 0.9838008284568787, 0.9902350902557373]}