{"training_duration": 2.5590145587921143, "inference_latency": 0.0004412094066882956, "RMSE_loss": [143.14697265625, 129.7632598876953, 135.58807373046875], "R_squared": [0.9914709329605103, 0.9915708303451538, 0.9923474192619324]}