{"training_duration": 2.78666090965271, "inference_latency": 0.0004804587775263293, "RMSE_loss": [156.4338836669922, 112.7174301147461, 169.35287475585938], "R_squared": [0.9905856251716614, 0.9897134304046631, 0.9925736784934998]}