{"training_duration": 2.8095760345458984, "inference_latency": 0.0004844096611286032, "RMSE_loss": [144.85635375976562, 132.11627197265625, 139.85479736328125], "R_squared": [0.9913691282272339, 0.9914180040359497, 0.9921066164970398]}