{"training_duration": 3.461812973022461, "inference_latency": 0.0005968643056935278, "RMSE_loss": [2.475325107574463, 1.9911633729934692, 1.6629321575164795], "R_squared": [-1.0279719829559326, -1.0649693012237549, -0.9541598558425903]}