{"training_duration": 2.866194725036621, "inference_latency": 0.0004941715043166588, "RMSE_loss": [182.3712921142578, 182.65199279785156, 176.34814453125], "R_squared": [0.989133894443512, 0.9881353378295898, 0.9900469779968262]}