{"training_duration": 2.389277935028076, "inference_latency": 0.00041194447155656487, "RMSE_loss": [136.47055053710938, 100.57122039794922, 147.67420959472656], "R_squared": [0.9917870163917542, 0.990821897983551, 0.9935243129730225]}