{"training_duration": 2.5413155555725098, "inference_latency": 0.0004381578544090534, "RMSE_loss": [147.86734008789062, 121.2283935546875, 165.07232666015625], "R_squared": [0.9911011457443237, 0.988936722278595, 0.9927613735198975]}