{"training_duration": 3.1223134994506836, "inference_latency": 0.0005383299136983937, "RMSE_loss": [196.58082580566406, 172.6636199951172, 215.94210815429688], "R_squared": [0.9881694912910461, 0.9842427372932434, 0.9905307292938232]}