{"training_duration": 3.299685001373291, "inference_latency": 0.0005689112071333261, "RMSE_loss": [1.7130879163742065, 1.4546875953674316, 1.424521803855896], "R_squared": [-0.4034900665283203, -0.5086081027984619, -0.6739969253540039]}