{"training_duration": 3.0650722980499268, "inference_latency": 0.0005284607410430908, "RMSE_loss": [170.7748565673828, 150.73036193847656, 183.13687133789062], "R_squared": [0.9897225499153137, 0.9862443804740906, 0.9919692277908325]}