{"training_duration": 2.837737798690796, "inference_latency": 0.0004892651377053096, "RMSE_loss": [147.56423950195312, 129.3807373046875, 135.41017150878906], "R_squared": [0.9912077784538269, 0.9915956854820251, 0.9923574924468994]}