{"training_duration": 3.16402006149292, "inference_latency": 0.0005455207002574, "RMSE_loss": [1.4668864011764526, 1.0447651147842407, 1.006148338317871], "R_squared": [-0.20178329944610596, -0.08349120616912842, -0.18235409259796143]}