{"training_duration": 3.749206781387329, "inference_latency": 0.0006464149623081602, "RMSE_loss": [1.4959771633148193, 0.898541271686554, 1.5150450468063354], "R_squared": [-0.2256166934967041, 0.06815272569656372, -0.7803734540939331]}