{"training_duration": 3.6451447010040283, "inference_latency": 0.0006284732243110394, "RMSE_loss": [1.514142632484436, 1.163804054260254, 1.3691068887710571], "R_squared": [-0.24049913883209229, -0.20694255828857422, -0.6088771820068359]}