{"training_duration": 2.4816863536834717, "inference_latency": 0.000427876957531633, "RMSE_loss": [137.42025756835938, 98.75875854492188, 141.960693359375], "R_squared": [0.9917298555374146, 0.9909873008728027, 0.9937748908996582]}