{"training_duration": 3.112238645553589, "inference_latency": 0.0005365928699230326, "RMSE_loss": [198.8536834716797, 175.9467010498047, 221.26043701171875], "R_squared": [0.9880327582359314, 0.9839431047439575, 0.9902974963188171]}