{"training_duration": 2.9406111240386963, "inference_latency": 0.0005070019179377063, "RMSE_loss": [144.3671417236328, 128.37020874023438, 133.20120239257812], "R_squared": [0.991398274898529, 0.9916613698005676, 0.9924821853637695]}