{"training_duration": 2.608776092529297, "inference_latency": 0.0004497889814705684, "RMSE_loss": [141.10104370117188, 103.52981567382812, 156.55038452148438], "R_squared": [0.9915083646774292, 0.9905518889427185, 0.9931350946426392]}