{"training_duration": 4.107016086578369, "inference_latency": 0.0007081062218238567, "RMSE_loss": [1.587201714515686, 1.300236463546753, 1.2034375667572021], "R_squared": [-0.30035459995269775, -0.3484320640563965, -0.4141944646835327]}