{"training_duration": 2.972651720046997, "inference_latency": 0.0005125261586287926, "RMSE_loss": [166.0259552001953, 134.1505126953125, 180.64102172851562], "R_squared": [0.9900083541870117, 0.9877574443817139, 0.9920787215232849]}