{"training_duration": 2.4918429851531982, "inference_latency": 0.00042962810088848245, "RMSE_loss": [151.1667938232422, 120.76990509033203, 169.89898681640625], "R_squared": [0.9909026026725769, 0.9889785647392273, 0.9925497770309448]}