{"training_duration": 2.8779382705688477, "inference_latency": 0.000496196253546353, "RMSE_loss": [141.08619689941406, 100.70960998535156, 143.71913146972656], "R_squared": [0.9915092587471008, 0.9908092617988586, 0.9936977624893188]}