{"training_duration": 3.926591396331787, "inference_latency": 0.0006769985166089289, "RMSE_loss": [1.2644412517547607, 0.9592779874801636, 0.8677765727043152], "R_squared": [-0.03592503070831299, 0.005164682865142822, -0.01974940299987793]}