{"training_duration": 2.3724379539489746, "inference_latency": 0.00040904102654292667, "RMSE_loss": [171.69866943359375, 146.11798095703125, 203.18310546875], "R_squared": [0.9896669387817383, 0.9866653084754944, 0.9910901784896851]}