{"training_duration": 3.5110483169555664, "inference_latency": 0.0006053531580957873, "RMSE_loss": [1.4036002159118652, 1.0892561674118042, 0.9388654232025146], "R_squared": [-0.1499345302581787, -0.1296314001083374, -0.10328805446624756]}