{"training_duration": 3.318002939224243, "inference_latency": 0.0005720694722800419, "RMSE_loss": [151.82701110839844, 119.9499282836914, 165.1816864013672], "R_squared": [0.9908628463745117, 0.9890533685684204, 0.9927566051483154]}