{"training_duration": 2.5287904739379883, "inference_latency": 0.0004359983575755152, "RMSE_loss": [180.9630584716797, 147.4100799560547, 209.79519653320312], "R_squared": [0.9891093969345093, 0.9865473508834839, 0.9908002614974976]}