{"training_duration": 2.87783145904541, "inference_latency": 0.0004961778377664501, "RMSE_loss": [196.122802734375, 175.41038513183594, 214.85641479492188], "R_squared": [0.9881970882415771, 0.9839920401573181, 0.990578293800354]}