{"training_duration": 2.362515449523926, "inference_latency": 0.00040733024991791825, "RMSE_loss": [148.1097869873047, 134.08741760253906, 143.8822479248047], "R_squared": [0.9911752343177795, 0.9912899732589722, 0.9918793439865112]}