{"training_duration": 2.8235816955566406, "inference_latency": 0.0004868244302683863, "RMSE_loss": [174.12037658691406, 166.9730682373047, 168.72482299804688], "R_squared": [0.9896255135536194, 0.9891538023948669, 0.9904772043228149]}