{"training_duration": 3.4786014556884766, "inference_latency": 0.000599758871670427, "RMSE_loss": [1.6048119068145752, 0.961732029914856, 0.9674662947654724], "R_squared": [-0.3147822618484497, 0.0026196837425231934, -0.13689768314361572]}