{"training_duration": 2.6533379554748535, "inference_latency": 0.00045747206128876784, "RMSE_loss": [141.76194763183594, 113.62923431396484, 150.1907196044922], "R_squared": [0.991468608379364, 0.9896302223205566, 0.9934139847755432]}