{"validation_rmse": 87.13029309437604, "test_rmse": 90.59256531877097, "validation_r2": 0.4937575462892215, "test_r2": 0.14745621724441926}