{"training_duration": 2.15738844871521, "inference_latency": 0.00037196352564055344, "RMSE_loss": [146.8037872314453, 138.5816192626953, 139.78518676757812], "R_squared": [0.9912530779838562, 0.9909980297088623, 0.992110550403595]}