{"training_duration": 3.159945487976074, "inference_latency": 0.0005448181875820818, "RMSE_loss": [156.02011108398438, 154.2241973876953, 141.3393096923828], "R_squared": [0.9907039403915405, 0.9899819493293762, 0.9920228719711304]}