{"training_duration": 2.4182488918304443, "inference_latency": 0.0004169394641086973, "RMSE_loss": [152.78811645507812, 125.95848083496094, 164.07388305664062], "R_squared": [0.9908050298690796, 0.9885050654411316, 0.9928051829338074]}