{"training_duration": 2.6332571506500244, "inference_latency": 0.00045400985356034904, "RMSE_loss": [150.80201721191406, 117.13690185546875, 152.74676513671875], "R_squared": [0.9909245371818542, 0.989310085773468, 0.9933018684387207]}