{"training_duration": 3.7690677642822266, "inference_latency": 0.0006498392697038321, "RMSE_loss": [2.0774986743927, 1.4758983850479126, 1.8958075046539307], "R_squared": [-0.7020426988601685, -0.5306051969528198, -1.227818489074707]}