{"training_duration": 3.03788423538208, "inference_latency": 0.0005237731440313931, "RMSE_loss": [188.14447021484375, 164.716796875, 214.6967010498047], "R_squared": [0.9886772036552429, 0.9849679470062256, 0.9905853271484375]}