{"validation_rmse": 96.02422944208024, "test_rmse": 107.80814744827588, "validation_r2": -0.21108956897707132, "test_r2": 0.3860923096461797}