{"training_duration": 3.127352237701416, "inference_latency": 0.0005391986616726579, "RMSE_loss": [140.0303955078125, 99.85542297363281, 145.21536254882812], "R_squared": [0.9915727972984314, 0.9908872246742249, 0.9936321377754211]}