{"training_duration": 3.9545745849609375, "inference_latency": 0.00068182320430361, "RMSE_loss": [2.1200132369995117, 1.7912707328796387, 1.7661371231079102], "R_squared": [-0.7368737459182739, -0.8576673269271851, -1.0754389762878418]}