{"training_duration": 3.262655735015869, "inference_latency": 0.000562526850864805, "RMSE_loss": [155.9751739501953, 153.3052520751953, 157.6837921142578], "R_squared": [0.9907066226005554, 0.9900416135787964, 0.9911003708839417]}