{"training_duration": 4.025309085845947, "inference_latency": 0.0006940188079044737, "RMSE_loss": [1.6232943534851074, 1.4248770475387573, 1.4096548557281494], "R_squared": [-0.32992446422576904, -0.4776926040649414, -0.6565263271331787]}