{"training_duration": 2.482544422149658, "inference_latency": 0.00042802490037063075, "RMSE_loss": [166.36624145507812, 155.91046142578125, 161.9676513671875], "R_squared": [0.9900875091552734, 0.989872395992279, 0.9908586144447327]}