{"training_duration": 2.770589828491211, "inference_latency": 0.0004776879014640019, "RMSE_loss": [170.5530548095703, 168.0481719970703, 157.4207763671875], "R_squared": [0.9898380637168884, 0.9890839457511902, 0.9911152124404907]}