{"training_duration": 2.6002540588378906, "inference_latency": 0.0004483196653168777, "RMSE_loss": [140.71975708007812, 132.7012176513672, 128.58131408691406], "R_squared": [0.9916155934333801, 0.9913800358772278, 0.9927428960800171]}