{"training_duration": 3.42942214012146, "inference_latency": 0.0005912796793312862, "RMSE_loss": [177.16122436523438, 172.2108154296875, 173.88121032714844], "R_squared": [0.9894443154335022, 0.988813579082489, 0.9901862144470215]}