{"training_duration": 3.405573844909668, "inference_latency": 0.0005871679042947703, "RMSE_loss": [142.42691040039062, 115.26143646240234, 153.17555236816406], "R_squared": [0.991428554058075, 0.9894812703132629, 0.9932830929756165]}