{"training_duration": 3.286386251449585, "inference_latency": 0.0005666183192154457, "RMSE_loss": [1.5199884176254272, 1.189038634300232, 1.22651207447052], "R_squared": [-0.24528849124908447, -0.23311245441436768, -0.44130992889404297]}