{"validation_rmse": 128.31220424546527, "test_rmse": 140.4597164643258, "validation_r2": 0.22336170557409696, "test_r2": 0.25243060638618886}