{"training_duration": 2.41613507270813, "inference_latency": 0.00041657501253588447, "RMSE_loss": [154.81692504882812, 127.01280975341797, 168.26658630371094], "R_squared": [0.9906828999519348, 0.9884088039398193, 0.9926213026046753]}