{"training_duration": 2.6962850093841553, "inference_latency": 0.00046487672575588884, "RMSE_loss": [169.81834411621094, 142.1468505859375, 180.74119567871094], "R_squared": [0.9897801280021667, 0.9870277047157288, 0.9920743107795715]}