{"training_duration": 3.818411111831665, "inference_latency": 0.0006583467434192526, "RMSE_loss": [1.2528146505355835, 1.0571143627166748, 0.8522107005119324], "R_squared": [-0.026399731636047363, -0.0962982177734375, -0.0014575719833374023]}