{"validation_rmse": 117.02646323333983, "test_rmse": 98.2679025647463, "validation_r2": 0.2942828352734659, "test_r2": 0.3313685002661587}