{"validation_rmse": 0.6320699543364119, "test_rmse": 0.495127438140666, "validation_r2": 0.7817349064822805, "test_r2": 0.7962352265703017}