{"training_duration": 3.6487815380096436, "inference_latency": 0.0006291002651740764, "RMSE_loss": [1.441596508026123, 0.9915592074394226, 1.0149229764938354], "R_squared": [-0.18106389045715332, -0.028313040733337402, -0.1926654577255249]}