{"training_duration": 2.6949446201324463, "inference_latency": 0.0004646456241607666, "RMSE_loss": [156.65264892578125, 120.56202697753906, 169.0101318359375], "R_squared": [0.990572452545166, 0.9889975190162659, 0.9925886988639832]}