{"training_duration": 3.1673343181610107, "inference_latency": 0.0005460921238208639, "RMSE_loss": [147.6339111328125, 112.3271484375, 156.10484313964844], "R_squared": [0.9911152124404907, 0.989749014377594, 0.9931546449661255]}