{"training_duration": 2.5911448001861572, "inference_latency": 0.0004467491034803719, "RMSE_loss": [167.84373474121094, 156.757080078125, 156.9268798828125], "R_squared": [0.9899994730949402, 0.9898173809051514, 0.9911431074142456]}