{"training_duration": 3.5248210430145264, "inference_latency": 0.0006077277660369873, "RMSE_loss": [2.000624656677246, 1.4991086721420288, 1.7820024490356445], "R_squared": [-0.639061689376831, -0.554675817489624, -1.0940828323364258]}