{"training_duration": 2.6481189727783203, "inference_latency": 0.0004565722366859173, "RMSE_loss": [151.2974395751953, 142.69456481933594, 150.89915466308594], "R_squared": [0.9909853339195251, 0.990730881690979, 0.9914832711219788]}