{"training_duration": 2.215979814529419, "inference_latency": 0.0003820654852636929, "RMSE_loss": [173.93826293945312, 166.76840209960938, 168.68167114257812], "R_squared": [0.9896363615989685, 0.9891670942306519, 0.9904796481132507]}