{"training_duration": 2.67669939994812, "inference_latency": 0.00046149989654277934, "RMSE_loss": [138.26666259765625, 119.01326751708984, 124.92601013183594], "R_squared": [0.9917617440223694, 0.9922691583633423, 0.9929491877555847]}