{"training_duration": 3.0556275844573975, "inference_latency": 0.0005268323421478272, "RMSE_loss": [174.51817321777344, 159.8083038330078, 169.19143676757812], "R_squared": [0.9896017909049988, 0.9896191954612732, 0.9904508590698242]}