{"training_duration": 2.7112059593200684, "inference_latency": 0.00046744930333104625, "RMSE_loss": [141.45396423339844, 103.82976531982422, 163.78216552734375], "R_squared": [0.9914871454238892, 0.9905245304107666, 0.9928179979324341]}