{"training_duration": 2.776437520980835, "inference_latency": 0.0004786961243070405, "RMSE_loss": [189.20106506347656, 163.31382751464844, 215.42105102539062], "R_squared": [0.9886136651039124, 0.9850959777832031, 0.9905535578727722]}