{"training_duration": 3.9659786224365234, "inference_latency": 0.0006837894176614695, "RMSE_loss": [1.4088212251663208, 1.1180123090744019, 1.120888113975525], "R_squared": [-0.15421199798583984, -0.1594533920288086, -0.3171881437301636]}