{"training_duration": 2.318683624267578, "inference_latency": 0.00039977303866682383, "RMSE_loss": [160.58493041992188, 113.79803466796875, 170.6621551513672], "R_squared": [0.9903358221054077, 0.9896147847175598, 0.992516279220581]}