{"training_duration": 2.4654176235198975, "inference_latency": 0.00042507200405515473, "RMSE_loss": [154.4563751220703, 124.61392211914062, 173.366455078125], "R_squared": [0.9907045960426331, 0.9886277318000793, 0.992397665977478]}