{"training_duration": 3.752821207046509, "inference_latency": 0.0006470381391459498, "RMSE_loss": [1.4235408306121826, 1.0896323919296265, 1.118779182434082], "R_squared": [-0.16627132892608643, -0.1300215721130371, -0.3147099018096924]}