{"training_duration": 2.8424274921417236, "inference_latency": 0.0004900737055416765, "RMSE_loss": [151.973388671875, 126.88182830810547, 161.7571258544922], "R_squared": [0.990854024887085, 0.9884207844734192, 0.9929067492485046]}