{"training_duration": 3.827622890472412, "inference_latency": 0.0006599349811159331, "RMSE_loss": [1.3906821012496948, 1.1069579124450684, 1.0228146314620972], "R_squared": [-0.1393510103225708, -0.14798927307128906, -0.20193910598754883]}