{"training_duration": 3.6688427925109863, "inference_latency": 0.0006325591021570666, "RMSE_loss": [1.5425665378570557, 1.2950799465179443, 1.1888420581817627], "R_squared": [-0.2637861967086792, -0.34308433532714844, -0.39704275131225586]}