{"training_duration": 2.619473934173584, "inference_latency": 0.00045163343692647997, "RMSE_loss": [162.4219207763672, 151.0563507080078, 159.0592041015625], "R_squared": [0.9903225302696228, 0.9901877045631409, 0.9910227656364441]}