{"training_duration": 2.3035929203033447, "inference_latency": 0.0003971711931557491, "RMSE_loss": [163.19480895996094, 135.2661590576172, 175.9850311279297], "R_squared": [0.9901787042617798, 0.9876556396484375, 0.9922828674316406]}