{"training_duration": 3.7067956924438477, "inference_latency": 0.0006391027055937668, "RMSE_loss": [1.3872536420822144, 1.0090492963790894, 0.9391952753067017], "R_squared": [-0.1365422010421753, -0.046451449394226074, -0.10367560386657715]}