{"training_duration": 2.6302168369293213, "inference_latency": 0.00045348566153953816, "RMSE_loss": [164.36708068847656, 132.16078186035156, 158.26072692871094], "R_squared": [0.9901081919670105, 0.9879390001296997, 0.9930601119995117]}