{"training_duration": 3.2407801151275635, "inference_latency": 0.0005587551922633731, "RMSE_loss": [143.8543243408203, 118.54381561279297, 154.52117919921875], "R_squared": [0.9913426637649536, 0.9891816973686218, 0.9932240843772888]}