{"training_duration": 3.0004496574401855, "inference_latency": 0.0005173189064552044, "RMSE_loss": [148.50218200683594, 113.45377349853516, 168.28582763671875], "R_squared": [0.9910629391670227, 0.9896461963653564, 0.9926204681396484]}