{"training_duration": 2.6768107414245605, "inference_latency": 0.0004615190933490622, "RMSE_loss": [153.99264526367188, 141.13253784179688, 143.1066436767578], "R_squared": [0.9908247590065002, 0.9908323287963867, 0.9919230937957764]}