{"validation_rmse": 92.5334711861065, "test_rmse": 85.79063444260403, "validation_r2": 0.33881046114482827, "test_r2": 0.5214249156738145}