{"training_duration": 3.6120615005493164, "inference_latency": 0.0006227692242326407, "RMSE_loss": [1.408743143081665, 1.181821346282959, 1.3797978162765503], "R_squared": [-0.15414798259735107, -0.22562766075134277, -0.6214404106140137]}