{"training_duration": 2.5416314601898193, "inference_latency": 0.0004382123207223826, "RMSE_loss": [149.55850219726562, 125.56964874267578, 168.9322052001953], "R_squared": [0.9909994006156921, 0.988540530204773, 0.9925921559333801]}