{"training_duration": 2.884937286376953, "inference_latency": 0.0004974029804098195, "RMSE_loss": [169.3824920654297, 149.3111114501953, 187.65084838867188], "R_squared": [0.9898063540458679, 0.9863739013671875, 0.9917712807655334]}