{"training_duration": 2.7583420276641846, "inference_latency": 0.0004755762116662387, "RMSE_loss": [170.69598388671875, 145.3994140625, 187.0594482421875], "R_squared": [0.9897273182868958, 0.9867308735847473, 0.9917972683906555]}