{"training_duration": 3.648040771484375, "inference_latency": 0.0006289725468076509, "RMSE_loss": [2.1761858463287354, 1.3140954971313477, 1.2977890968322754], "R_squared": [-0.7828946113586426, -0.3628047704696655, -0.5250695943832397]}