{"training_duration": 2.496119976043701, "inference_latency": 0.00043036551311098295, "RMSE_loss": [165.60635375976562, 138.93894958496094, 176.5225372314453], "R_squared": [0.9900336265563965, 0.9873204231262207, 0.9922593235969543]}