{"training_duration": 2.3819379806518555, "inference_latency": 0.0004106789621813544, "RMSE_loss": [138.67771911621094, 122.46305084228516, 128.9070281982422], "R_squared": [0.9917372465133667, 0.9920450448989868, 0.9927245378494263]}