{"validation_rmse": 108.72476046904984, "test_rmse": 113.55067901595291, "validation_r2": 0.3133712073235818, "test_r2": 0.2203450129473199}