{"training_duration": 3.890007257461548, "inference_latency": 0.0006706909064588876, "RMSE_loss": [1.268362045288086, 0.9271881580352783, 0.8325201869010925], "R_squared": [-0.03913724422454834, 0.03844398260116577, 0.021681368350982666]}