{"training_duration": 2.8630032539367676, "inference_latency": 0.000493621250678753, "RMSE_loss": [137.7180633544922, 99.43548583984375, 154.18682861328125], "R_squared": [0.9917119741439819, 0.9909255504608154, 0.9932387471199036]}