{"training_duration": 2.277358055114746, "inference_latency": 0.0003926479405370252, "RMSE_loss": [141.9360809326172, 129.65025329589844, 129.16021728515625], "R_squared": [0.9915431141853333, 0.991578221321106, 0.9927102327346802]}