{"training_duration": 2.8685801029205322, "inference_latency": 0.000494582776365609, "RMSE_loss": [173.7053680419922, 167.50198364257812, 181.2625732421875], "R_squared": [0.9896501898765564, 0.9891194105148315, 0.9897695779800415]}