{"training_duration": 2.671738386154175, "inference_latency": 0.0004606445493369267, "RMSE_loss": [139.71432495117188, 99.45597076416016, 158.51881408691406], "R_squared": [0.9915918111801147, 0.9909236431121826, 0.9930487871170044]}