{"training_duration": 2.462522268295288, "inference_latency": 0.00042457280487849796, "RMSE_loss": [183.91969299316406, 158.23402404785156, 203.8451690673828], "R_squared": [0.9889314770698547, 0.9855595827102661, 0.9910611510276794]}