{"training_duration": 3.4153976440429688, "inference_latency": 0.0005888616627660291, "RMSE_loss": [161.05625915527344, 130.4628448486328, 181.01174926757812], "R_squared": [0.9903074502944946, 0.9880939722061157, 0.9920624494552612]}