{"training_duration": 3.484750270843506, "inference_latency": 0.0006008190122143975, "RMSE_loss": [2.6318159103393555, 1.595213532447815, 2.2912425994873047], "R_squared": [-1.1561808586120605, -0.6543428897857666, -1.6925055980682373]}