{"training_duration": 3.9407753944396973, "inference_latency": 0.0006794440335240857, "RMSE_loss": [1.4365381002426147, 0.8323233127593994, 0.7778430581092834], "R_squared": [-0.17691969871520996, 0.13682514429092407, 0.08593404293060303]}