{"training_duration": 2.6058459281921387, "inference_latency": 0.0004492837807227825, "RMSE_loss": [135.40110778808594, 96.37681579589844, 152.79974365234375], "R_squared": [0.9918513894081116, 0.9912046790122986, 0.9932995438575745]}