{"training_duration": 2.577606201171875, "inference_latency": 0.0004444148622710129, "RMSE_loss": [143.76910400390625, 134.18295288085938, 126.7760009765625], "R_squared": [0.9914339184761047, 0.9912837743759155, 0.992844820022583]}