{"training_duration": 3.014068126678467, "inference_latency": 0.0005196669183928391, "RMSE_loss": [180.26576232910156, 175.38389587402344, 179.67770385742188], "R_squared": [0.9892593622207642, 0.9886074066162109, 0.9898590445518494]}