{"training_duration": 2.394979953765869, "inference_latency": 0.0004129275782354947, "RMSE_loss": [167.51979064941406, 162.05145263671875, 163.42092895507812], "R_squared": [0.9900187849998474, 0.9894734621047974, 0.990776538848877]}