{"training_duration": 2.2661008834838867, "inference_latency": 0.0003907070488765322, "RMSE_loss": [138.21095275878906, 121.44732666015625, 125.14994812011719], "R_squared": [0.9917650818824768, 0.9921110272407532, 0.9929365515708923]}