{"training_duration": 2.969511032104492, "inference_latency": 0.000511984660707671, "RMSE_loss": [200.67562866210938, 197.3924560546875, 197.75604248046875], "R_squared": [0.9880432486534119, 0.9871777892112732, 0.9888386726379395]}