{"training_duration": 2.7992899417877197, "inference_latency": 0.00048263619685995167, "RMSE_loss": [177.18975830078125, 174.47084045410156, 180.72938537597656], "R_squared": [0.9894425868988037, 0.9886667728424072, 0.9897996783256531]}