{"training_duration": 2.683004379272461, "inference_latency": 0.00046258696194352773, "RMSE_loss": [140.13905334472656, 120.12283325195312, 122.85990142822266], "R_squared": [0.9916501641273499, 0.9921970963478088, 0.9930658340454102]}