{"training_duration": 2.6723642349243164, "inference_latency": 0.00046075245429729594, "RMSE_loss": [139.89642333984375, 100.92536163330078, 134.9177703857422], "R_squared": [0.9915808439254761, 0.990789532661438, 0.9940837025642395]}