{"training_duration": 3.4231340885162354, "inference_latency": 0.0005901955325027992, "RMSE_loss": [2.303483247756958, 1.5224322080612183, 1.5721780061721802], "R_squared": [-0.8871861696243286, -0.5788638591766357, -0.8475120067596436]}