{"training_duration": 2.6709465980529785, "inference_latency": 0.00046050803414706526, "RMSE_loss": [146.65283203125, 109.70021057128906, 160.23886108398438], "R_squared": [0.9911742210388184, 0.9899887442588806, 0.9929733276367188]}