{"validation_rmse": 79.31378592905523, "test_rmse": 78.6528462343616, "validation_r2": 0.5805139005274313, "test_r2": 0.35737078944754375}