{"training_duration": 2.778252601623535, "inference_latency": 0.0004790090692454371, "RMSE_loss": [145.48220825195312, 114.28459930419922, 155.7413330078125], "R_squared": [0.9912446737289429, 0.9895703792572021, 0.9931705594062805]}