{"training_duration": 2.7446205615997314, "inference_latency": 0.0004732104416551261, "RMSE_loss": [166.41616821289062, 159.69190979003906, 151.2716827392578], "R_squared": [0.9900845289230347, 0.9896267652511597, 0.9914622902870178]}