{"training_duration": 2.6080520153045654, "inference_latency": 0.0004496641405697527, "RMSE_loss": [159.0798797607422, 145.93603515625, 145.39749145507812], "R_squared": [0.9905216097831726, 0.9905202984809875, 0.9917938113212585]}