{"training_duration": 2.548654794692993, "inference_latency": 0.00043942324046430915, "RMSE_loss": [137.6573486328125, 104.18146514892578, 152.54676818847656], "R_squared": [0.9917156100273132, 0.9904924035072327, 0.9933106899261475]}