{"training_duration": 2.8653101921081543, "inference_latency": 0.000494018998639337, "RMSE_loss": [194.4215087890625, 169.01075744628906, 219.7967071533203], "R_squared": [0.9882994890213013, 0.9845761060714722, 0.9903616905212402]}