{"training_duration": 2.855516195297241, "inference_latency": 0.0004923303784995244, "RMSE_loss": [195.15731811523438, 190.97320556640625, 191.706787109375], "R_squared": [0.9883720874786377, 0.9875947833061218, 0.9891801476478577]}