{"training_duration": 2.6437249183654785, "inference_latency": 0.0004558146410974963, "RMSE_loss": [166.8743133544922, 161.5524139404297, 166.5028076171875], "R_squared": [0.9900572299957275, 0.9895058870315552, 0.9906026124954224]}