{"training_duration": 3.0854249000549316, "inference_latency": 0.0005319698103542986, "RMSE_loss": [174.78880310058594, 145.37620544433594, 193.8531951904297], "R_squared": [0.9894809722900391, 0.9867329597473145, 0.9914993047714233]}