{"training_duration": 3.10538911819458, "inference_latency": 0.0005354119169301001, "RMSE_loss": [171.27439880371094, 169.84423828125, 164.72669982910156], "R_squared": [0.9897950887680054, 0.9889672994613647, 0.9907028675079346]}