{"training_duration": 2.9074835777282715, "inference_latency": 0.0005012902720221158, "RMSE_loss": [190.1648712158203, 168.22203063964844, 199.22311401367188], "R_squared": [0.9885556101799011, 0.9846480488777161, 0.9912638664245605]}