{"training_duration": 3.4435875415802, "inference_latency": 0.0005937219899276207, "RMSE_loss": [177.28651428222656, 175.78118896484375, 182.7471160888672], "R_squared": [0.9894368648529053, 0.988581657409668, 0.9896857738494873]}