{"training_duration": 3.915289878845215, "inference_latency": 0.000675049979111244, "RMSE_loss": [1.4740791320800781, 1.1246955394744873, 1.218970537185669], "R_squared": [-0.20767617225646973, -0.16638433933258057, -0.4324476718902588]}