{"validation_rmse": 129.17319755686447, "test_rmse": 110.75586529994936, "validation_r2": -0.09012032905556477, "test_r2": 0.25121524173681287}