{"training_duration": 2.6788339614868164, "inference_latency": 0.0004618679243942787, "RMSE_loss": [197.71287536621094, 174.92056274414062, 219.41407775878906], "R_squared": [0.9881013631820679, 0.9840367436408997, 0.9903784394264221]}