{"training_duration": 3.7955496311187744, "inference_latency": 0.0006544051088135818, "RMSE_loss": [1.3556441068649292, 1.0544310808181763, 1.1206198930740356], "R_squared": [-0.11064529418945312, -0.09351539611816406, -0.3168729543685913]}