{"training_duration": 3.8113901615142822, "inference_latency": 0.0006571362347438418, "RMSE_loss": [140.1387481689453, 123.04846954345703, 129.83168029785156], "R_squared": [0.9916502237319946, 0.9920070171356201, 0.992672324180603]}