{"training_duration": 2.5455336570739746, "inference_latency": 0.0004388851132886163, "RMSE_loss": [186.3751983642578, 184.39657592773438, 175.8408966064453], "R_squared": [0.9888952970504761, 0.988021969795227, 0.9900755882263184]}