{"training_duration": 2.4625627994537354, "inference_latency": 0.0004245797930092647, "RMSE_loss": [154.002197265625, 131.38270568847656, 158.9694061279297], "R_squared": [0.990731954574585, 0.988010048866272, 0.993028998374939]}