{"training_duration": 3.8164055347442627, "inference_latency": 0.0006580009542662522, "RMSE_loss": [1.2595632076263428, 1.0244570970535278, 0.8983397483825684], "R_squared": [-0.0319286584854126, -0.062430381774902344, -0.05566513538360596]}