{"training_duration": 2.604647397994995, "inference_latency": 0.000449077137585344, "RMSE_loss": [178.34124755859375, 145.49337768554688, 199.58560180664062], "R_squared": [0.9892671704292297, 0.9867222905158997, 0.9912479519844055]}