{"training_duration": 4.04180121421814, "inference_latency": 0.0006968622783134723, "RMSE_loss": [1.4322750568389893, 1.0711661577224731, 1.0627607107162476], "R_squared": [-0.17342710494995117, -0.1108708381652832, -0.24888098239898682]}