{"training_duration": 3.2497551441192627, "inference_latency": 0.0005603026110550453, "RMSE_loss": [191.6756134033203, 170.46658325195312, 210.4260711669922], "R_squared": [0.9884647130966187, 0.9844432473182678, 0.9907726049423218]}