{"training_duration": 5.8271002769470215, "inference_latency": 0.0010046724615425898, "RMSE_loss": [152.0015106201172, 138.70115661621094, 147.77728271484375], "R_squared": [0.9909433722496033, 0.9909902811050415, 0.9916594624519348]}