{"training_duration": 2.974447727203369, "inference_latency": 0.0005128358150350636, "RMSE_loss": [162.1841583251953, 154.74566650390625, 163.3021697998047], "R_squared": [0.9903366565704346, 0.989948034286499, 0.9907832741737366]}