{"validation_rmse": 121.11404542826567, "test_rmse": 83.37580100693718, "validation_r2": 0.29293841667027765, "test_r2": 0.33160763571856133}