{"training_duration": 2.587235689163208, "inference_latency": 0.00044607511882124276, "RMSE_loss": [153.44515991210938, 143.90626525878906, 141.8052520751953], "R_squared": [0.9908573627471924, 0.9906521439552307, 0.9919965267181396]}