{"training_duration": 2.650095224380493, "inference_latency": 0.0004569129697207747, "RMSE_loss": [155.11619567871094, 145.57154846191406, 152.81773376464844], "R_squared": [0.9907578229904175, 0.9905439615249634, 0.9913750290870667]}