{"training_duration": 3.6976516246795654, "inference_latency": 0.0006375261421861319, "RMSE_loss": [1.4695888757705688, 0.9945318698883057, 0.895061194896698], "R_squared": [-0.20399737358093262, -0.031395912170410156, -0.05181241035461426]}