{"training_duration": 3.380985736846924, "inference_latency": 0.0005829285753184352, "RMSE_loss": [1.4272691011428833, 1.0558857917785645, 0.9600789546966553], "R_squared": [-0.1693258285522461, -0.09502410888671875, -0.12821662425994873]}