{"training_duration": 3.1129727363586426, "inference_latency": 0.0005367194373032142, "RMSE_loss": [145.16197204589844, 113.99727630615234, 159.8550262451172], "R_squared": [0.9912639856338501, 0.9895966053009033, 0.9929901957511902]}