{"training_duration": 2.5412847995758057, "inference_latency": 0.00043815255165100095, "RMSE_loss": [162.6992645263672, 156.65484619140625, 157.32730102539062], "R_squared": [0.9903059601783752, 0.9898240566253662, 0.991120457649231]}