{"training_duration": 3.801616907119751, "inference_latency": 0.0006554511908827157, "RMSE_loss": [1.3358290195465088, 0.8812910318374634, 0.8639848232269287], "R_squared": [-0.09441125392913818, 0.08604234457015991, -0.015293598175048828]}