{"training_duration": 3.027961492538452, "inference_latency": 0.0005220623262997331, "RMSE_loss": [165.29745483398438, 140.6876678466797, 197.13160705566406], "R_squared": [0.9900521636009216, 0.987160861492157, 0.9913555383682251]}