{"training_duration": 3.5616657733917236, "inference_latency": 0.0006140803057571937, "RMSE_loss": [1.5814690589904785, 1.0313540697097778, 1.08170747756958], "R_squared": [-0.2956579923629761, -0.06958305835723877, -0.2711458206176758]}