{"training_duration": 2.5100085735321045, "inference_latency": 0.0004327600988848456, "RMSE_loss": [168.35321044921875, 142.17578125, 180.07981872558594], "R_squared": [0.9898682832717896, 0.9870250821113586, 0.9921032786369324]}