{"training_duration": 3.9826669692993164, "inference_latency": 0.0006866667188447097, "RMSE_loss": [1.3572790622711182, 0.8920934796333313, 0.858051061630249], "R_squared": [-0.1119847297668457, 0.0748395323753357, -0.00832068920135498]}