{"training_duration": 2.5243582725524902, "inference_latency": 0.00043523418492284315, "RMSE_loss": [156.26235961914062, 111.37626647949219, 171.59442138671875], "R_squared": [0.9905959367752075, 0.989835798740387, 0.9924753904342651]}