{"validation_rmse": 136.2656007944931, "test_rmse": 149.35026285413701, "validation_r2": 0.29552489181110997, "test_r2": 0.24307970611566831}