{"validation_acc": 0.376, "test_acc": 0.3951612903225806, "validation_f1": 0.3456281954684347, "test_f1": 0.37882602370307283}