{"training_duration": 2.975318431854248, "inference_latency": 0.0005129859365265945, "RMSE_loss": [147.97415161132812, 133.21157836914062, 142.7955780029297], "R_squared": [0.991183340549469, 0.9913468360900879, 0.9919406771659851]}