{"training_duration": 3.4082841873168945, "inference_latency": 0.0005876352047098094, "RMSE_loss": [1.466404676437378, 1.0946468114852905, 1.1199787855148315], "R_squared": [-0.20138859748840332, -0.13522183895111084, -0.31611955165863037]}