{"training_duration": 2.8673439025878906, "inference_latency": 0.0004943696383772225, "RMSE_loss": [180.7034912109375, 150.75247192382812, 200.1610565185547], "R_squared": [0.9891250133514404, 0.9862423539161682, 0.9912227392196655]}