{"training_duration": 3.1813769340515137, "inference_latency": 0.0005485132644916403, "RMSE_loss": [137.67637634277344, 105.3739013671875, 151.25294494628906], "R_squared": [0.9917144775390625, 0.9903835654258728, 0.9933673739433289]}