{"training_duration": 2.327660322189331, "inference_latency": 0.0004013207452050571, "RMSE_loss": [158.39205932617188, 150.50462341308594, 156.81329345703125], "R_squared": [0.9905626177787781, 0.9902235269546509, 0.9911494851112366]}