{"training_duration": 3.293041467666626, "inference_latency": 0.0005677657702873493, "RMSE_loss": [1.3505574464797974, 1.1303763389587402, 1.018670678138733], "R_squared": [-0.10647785663604736, -0.17227578163146973, -0.19706952571868896]}