{"validation_rmse": 108.0475243959259, "test_rmse": 111.05508750271206, "validation_r2": 0.3473723283844321, "test_r2": 0.1611614273444434}