{"training_duration": 2.579019546508789, "inference_latency": 0.00044465854250151535, "RMSE_loss": [153.9865264892578, 120.51765441894531, 163.30580139160156], "R_squared": [0.9907329082489014, 0.9890015721321106, 0.9928388595581055]}