{"training_duration": 2.782503366470337, "inference_latency": 0.00047974195973626496, "RMSE_loss": [160.9824981689453, 137.47311401367188, 159.73365783691406], "R_squared": [0.9904083013534546, 0.991070032119751, 0.9909846782684326]}