{"training_duration": 3.703636407852173, "inference_latency": 0.0006385580013538229, "RMSE_loss": [1.7475614547729492, 1.6066944599151611, 1.5121759176254272], "R_squared": [-0.4317333698272705, -0.6662493944168091, -0.7770018577575684]}