{"training_duration": 2.5114593505859375, "inference_latency": 0.0004330102328596444, "RMSE_loss": [141.89186096191406, 124.49211120605469, 131.0100860595703], "R_squared": [0.9915457367897034, 0.9919132590293884, 0.9926058053970337]}