{"training_duration": 3.8031537532806396, "inference_latency": 0.0006557161643587309, "RMSE_loss": [1.4045741558074951, 1.0833485126495361, 0.9592879414558411], "R_squared": [-0.1507323980331421, -0.12350475788116455, -0.1272871494293213]}