{"training_duration": 6.098048210144043, "inference_latency": 0.0010513876224386282, "RMSE_loss": [1.5203666687011719, 1.1982237100601196, 1.2153538465499878], "R_squared": [-0.24559831619262695, -0.2426379919052124, -0.42819762229919434]}