{"training_duration": 2.129612684249878, "inference_latency": 0.0003671746007327376, "RMSE_loss": [152.8970489501953, 147.92092895507812, 144.33822631835938], "R_squared": [0.9908900260925293, 0.9903913736343384, 0.9918535947799683]}