{"training_duration": 2.7610878944396973, "inference_latency": 0.0004760496369723616, "RMSE_loss": [150.2025146484375, 111.52600860595703, 157.74452209472656], "R_squared": [0.9909605979919434, 0.9898221492767334, 0.9930827617645264]}