{"training_duration": 2.905747890472412, "inference_latency": 0.0005009910155986917, "RMSE_loss": [162.6203155517578, 162.9896697998047, 151.3954315185547], "R_squared": [0.9903106689453125, 0.9894125461578369, 0.9914552569389343]}