{"training_duration": 3.814209222793579, "inference_latency": 0.0006576222797919964, "RMSE_loss": [1.6516141891479492, 1.4766993522644043, 1.488385796546936], "R_squared": [-0.3531261682510376, -0.5314358472824097, -0.7490453720092773]}