{"training_duration": 3.3821022510528564, "inference_latency": 0.0005831210777677339, "RMSE_loss": [1.4442368745803833, 1.1838780641555786, 1.1639883518218994], "R_squared": [-0.1832270622253418, -0.22776055335998535, -0.36783647537231445]}