{"training_duration": 4.35528826713562, "inference_latency": 0.0007509117701957966, "RMSE_loss": [1.2654308080673218, 1.178925633430481, 1.1087405681610107], "R_squared": [-0.03673577308654785, -0.2226245403289795, -0.30291318893432617]}