{"training_duration": 2.4037930965423584, "inference_latency": 0.0004144470856107514, "RMSE_loss": [145.36204528808594, 133.49905395507812, 138.4658660888672], "R_squared": [0.9913389682769775, 0.9913281798362732, 0.9921849966049194]}