{"training_duration": 2.4128479957580566, "inference_latency": 0.0004160082751306994, "RMSE_loss": [168.87513732910156, 163.93724060058594, 163.92384338378906], "R_squared": [0.9899380207061768, 0.9893509745597839, 0.9907481670379639]}