{"training_duration": 2.214745044708252, "inference_latency": 0.00038185259391521585, "RMSE_loss": [139.46847534179688, 128.6754150390625, 130.51416015625], "R_squared": [0.9916901588439941, 0.9916415214538574, 0.9926338195800781]}