{"training_duration": 3.4394888877868652, "inference_latency": 0.000593015325480494, "RMSE_loss": [1.41424560546875, 1.016918659210205, 0.9366099238395691], "R_squared": [-0.15865600109100342, -0.05461251735687256, -0.10063755512237549]}