{"training_duration": 3.389007091522217, "inference_latency": 0.0005843115675038305, "RMSE_loss": [2.10636830329895, 1.3743242025375366, 2.496729612350464], "R_squared": [-0.7256947755813599, -0.425265908241272, -1.9339795112609863]}