{"training_duration": 3.3622853755950928, "inference_latency": 0.0005797043751026022, "RMSE_loss": [1.3647379875183105, 0.9120334982872009, 0.8455444574356079], "R_squared": [-0.11809563636779785, 0.054160356521606445, 0.006376147270202637]}