{"training_duration": 3.2251570224761963, "inference_latency": 0.0005560615555993441, "RMSE_loss": [153.42738342285156, 152.09886169433594, 147.63812255859375], "R_squared": [0.9908584356307983, 0.990119993686676, 0.9916673302650452]}