{"training_duration": 3.591539144515991, "inference_latency": 0.0006192308869855158, "RMSE_loss": [1.5320721864700317, 1.160764217376709, 1.0555601119995117], "R_squared": [-0.25518834590911865, -0.20378994941711426, -0.24041926860809326]}