{"validation_acc": 0.4, "test_acc": 0.3548387096774194, "validation_f1": 0.36841926844568834, "test_f1": 0.34644902316643533}