{"validation_acc": 0.416, "test_acc": 0.3467741935483871, "validation_f1": 0.3816660577274388, "test_f1": 0.3353331446272335}