{"training_duration": 2.8045332431793213, "inference_latency": 0.0004835402143412623, "RMSE_loss": [172.19444274902344, 138.29689025878906, 195.92092895507812], "R_squared": [0.9896371364593506, 0.9873790144920349, 0.99140864610672]}