{"training_duration": 2.8421666622161865, "inference_latency": 0.0004900287348648597, "RMSE_loss": [145.2127227783203, 109.33033752441406, 168.0213165283203], "R_squared": [0.9912608861923218, 0.9900225400924683, 0.9926320910453796]}