{"training_duration": 3.236046075820923, "inference_latency": 0.0005579389785898143, "RMSE_loss": [1.6293213367462158, 1.067152500152588, 1.2121376991271973], "R_squared": [-0.33486223220825195, -0.10670840740203857, -0.42441821098327637]}