{"training_duration": 4.05440092086792, "inference_latency": 0.0006990346415289517, "RMSE_loss": [148.1338653564453, 135.3510284423828, 142.53126525878906], "R_squared": [0.9911738038063049, 0.9912078976631165, 0.991955578327179]}