{"training_duration": 3.3496594429016113, "inference_latency": 0.0005775274901554502, "RMSE_loss": [1.3650805950164795, 0.9445586204528809, 1.0065317153930664], "R_squared": [-0.11837637424468994, 0.020429670810699463, -0.18280458450317383]}