{"training_duration": 2.622728109359741, "inference_latency": 0.0004521945016137485, "RMSE_loss": [140.56858825683594, 124.36458587646484, 131.6969757080078], "R_squared": [0.9916245937347412, 0.9919215440750122, 0.9925670623779297]}