{"training_duration": 2.9908933639526367, "inference_latency": 0.0005156712696470063, "RMSE_loss": [146.00770568847656, 134.53175354003906, 136.49261474609375], "R_squared": [0.9913005232810974, 0.9912611246109009, 0.9922963976860046]}