{"training_duration": 3.6987688541412354, "inference_latency": 0.0006377187679553854, "RMSE_loss": [2.163154363632202, 1.8651442527770996, 2.458146333694458], "R_squared": [-0.7722182273864746, -0.9342790842056274, -1.888639211654663]}