{"training_duration": 2.9701881408691406, "inference_latency": 0.0005121014035981277, "RMSE_loss": [159.3439483642578, 153.29595947265625, 153.38943481445312], "R_squared": [0.9905059337615967, 0.9900422096252441, 0.9913427233695984]}