{"training_duration": 2.5280675888061523, "inference_latency": 0.0004358737222079573, "RMSE_loss": [160.69529724121094, 129.66134643554688, 179.6175079345703], "R_squared": [0.9903291463851929, 0.9881671071052551, 0.9921236038208008]}