{"training_duration": 3.4935383796691895, "inference_latency": 0.0006023342033912396, "RMSE_loss": [1.3430969715118408, 0.8969646692276001, 0.7693658471107483], "R_squared": [-0.10036575794219971, 0.06978774070739746, 0.09589588642120361]}