{"training_duration": 3.9994869232177734, "inference_latency": 0.0006895667108996162, "RMSE_loss": [1.401737093925476, 1.0182504653930664, 1.005583643913269], "R_squared": [-0.14840805530548096, -0.05599367618560791, -0.18169057369232178]}