{"training_duration": 4.033000469207764, "inference_latency": 0.0006953449084840972, "RMSE_loss": [1.804970622062683, 1.1504857540130615, 1.3043363094329834], "R_squared": [-0.4787672758102417, -0.1931304931640625, -0.5327634811401367]}