{"training_duration": 2.411020278930664, "inference_latency": 0.0004156931515397697, "RMSE_loss": [142.7794189453125, 107.40670776367188, 164.0849609375], "R_squared": [0.9914073348045349, 0.9901980757713318, 0.9928047060966492]}