{"training_duration": 3.5069077014923096, "inference_latency": 0.0006046392588779844, "RMSE_loss": [167.62115478515625, 130.16619873046875, 190.76963806152344], "R_squared": [0.9899123311042786, 0.9881210327148438, 0.9916345477104187]}