{"training_duration": 2.548610210418701, "inference_latency": 0.0004394155535204657, "RMSE_loss": [151.2171173095703, 131.14744567871094, 136.42684936523438], "R_squared": [0.9909901022911072, 0.9914809465408325, 0.9923000931739807]}