{"validation_rmse": 98.21614779347973, "test_rmse": 124.48787509457057, "validation_r2": 0.35801016754140746, "test_r2": 0.0754333434799298}