{"training_duration": 2.4873173236846924, "inference_latency": 0.0004288478144283952, "RMSE_loss": [144.96502685546875, 102.92618560791016, 154.76498413085938], "R_squared": [0.9912758469581604, 0.990606963634491, 0.993213415145874]}