{"training_duration": 2.3947370052337646, "inference_latency": 0.00041288569055754565, "RMSE_loss": [138.0669403076172, 123.33644104003906, 127.84526062011719], "R_squared": [0.9917736649513245, 0.9919883012771606, 0.9927844405174255]}