{"validation_rmse": 105.55486724921784, "test_rmse": 95.37943115314106, "validation_r2": 0.257020655114262, "test_r2": 0.054979930118463805}