{"training_duration": 3.562054395675659, "inference_latency": 0.0006141473095992516, "RMSE_loss": [1.3467720746994019, 0.8936753273010254, 1.0251067876815796], "R_squared": [-0.10337662696838379, 0.07319903373718262, -0.20463275909423828]}