{"training_duration": 2.8166890144348145, "inference_latency": 0.0004856360369715197, "RMSE_loss": [154.14292907714844, 155.77487182617188, 162.55087280273438], "R_squared": [0.9908158183097839, 0.9898812174797058, 0.9908256530761719]}