{"training_duration": 3.070249080657959, "inference_latency": 0.0005293532897686136, "RMSE_loss": [167.20237731933594, 130.92420959472656, 181.6702117919922], "R_squared": [0.9899375438690186, 0.9880518913269043, 0.9920335412025452]}