{"training_duration": 3.4597766399383545, "inference_latency": 0.0005965132137824749, "RMSE_loss": [1.159953236579895, 0.9704768657684326, 0.9471046328544617], "R_squared": [0.049679338932037354, -0.006449341773986816, -0.11297011375427246]}