{"training_duration": 2.5453498363494873, "inference_latency": 0.00043885342006025644, "RMSE_loss": [154.96621704101562, 150.72801208496094, 156.40884399414062], "R_squared": [0.9907667636871338, 0.9902090430259705, 0.9911723136901855]}