{"training_duration": 3.767875909805298, "inference_latency": 0.0006496337775526376, "RMSE_loss": [1.488375186920166, 1.1636483669281006, 1.0710326433181763], "R_squared": [-0.21938848495483398, -0.2067810297012329, -0.2586015462875366]}