{"validation_rmse": 0.5095026904335693, "test_rmse": 0.5093566260395542, "validation_r2": 0.8581769058353117, "test_r2": 0.7843551761602052}