{"training_duration": 2.6034579277038574, "inference_latency": 0.00044887205650066505, "RMSE_loss": [163.5020751953125, 152.9298858642578, 192.1325225830078], "R_squared": [0.9901602268218994, 0.9860436320304871, 0.991574764251709]}