{"training_duration": 2.4569826126098633, "inference_latency": 0.0004236176918292868, "RMSE_loss": [155.61073303222656, 142.11160278320312, 152.64796447753906], "R_squared": [0.9907283186912537, 0.9907687306404114, 0.9913845658302307]}