{"training_duration": 3.9291627407073975, "inference_latency": 0.000677441851846103, "RMSE_loss": [1.5836254358291626, 1.2301323413848877, 1.1703294515609741], "R_squared": [-0.29742467403411865, -0.2757294178009033, -0.37528812885284424]}