{"training_duration": 3.7901246547698975, "inference_latency": 0.0006534697680637754, "RMSE_loss": [1.6628899574279785, 1.3665456771850586, 1.4527456760406494], "R_squared": [-0.36236417293548584, -0.41719913482666016, -0.7071635723114014]}