{"training_duration": 3.4192309379577637, "inference_latency": 0.0005895225755099592, "RMSE_loss": [1.3304030895233154, 0.8288814425468445, 0.8085418939590454], "R_squared": [-0.08996593952178955, 0.14039462804794312, 0.049858927726745605]}