{"training_duration": 2.761453628540039, "inference_latency": 0.0004761126945758688, "RMSE_loss": [163.81875610351562, 148.21424865722656, 154.9605712890625], "R_squared": [0.9902392625808716, 0.9903723001480103, 0.9912540912628174]}