{"training_duration": 2.776303291320801, "inference_latency": 0.00047867298126220704, "RMSE_loss": [187.28680419921875, 185.1224365234375, 184.92919921875], "R_squared": [0.9888409972190857, 0.9879748225212097, 0.9895626306533813]}