{"training_duration": 2.949197292327881, "inference_latency": 0.0005084822917806692, "RMSE_loss": [140.43304443359375, 122.5273208618164, 132.14633178710938], "R_squared": [0.9916326403617859, 0.9920408725738525, 0.9925416707992554]}