{"training_duration": 3.80633282661438, "inference_latency": 0.0006562642804507551, "RMSE_loss": [1.6224877834320068, 1.3354861736297607, 1.2703065872192383], "R_squared": [-0.3292635679244995, -0.38498830795288086, -0.4927741289138794]}