{"training_duration": 2.3086066246032715, "inference_latency": 0.00039803562493159853, "RMSE_loss": [141.2255401611328, 112.69609832763672, 151.56475830078125], "R_squared": [0.9915008544921875, 0.9897153377532959, 0.9933537244796753]}