{"validation_acc": 0.408, "test_acc": 0.3951612903225806, "validation_f1": 0.39723426212590296, "test_f1": 0.3898552172465216}