{"training_duration": 3.8740432262420654, "inference_latency": 0.0006679384872831148, "RMSE_loss": [2.214108467102051, 1.758237600326538, 2.1556811332702637], "R_squared": [-0.8139636516571045, -0.8234097957611084, -1.533203363418579]}