{"training_duration": 2.3783798217773438, "inference_latency": 0.00041006548651333514, "RMSE_loss": [146.6171875, 138.93743896484375, 144.32823181152344], "R_squared": [0.9912642240524292, 0.9909749031066895, 0.9918541312217712]}