{"training_duration": 2.5042333602905273, "inference_latency": 0.000431764372463884, "RMSE_loss": [152.91925048828125, 147.38414001464844, 142.2570343017578], "R_squared": [0.9908887147903442, 0.990426242351532, 0.9919710755348206]}