{"training_duration": 3.4558706283569336, "inference_latency": 0.0005958397635098162, "RMSE_loss": [143.62582397460938, 142.24058532714844, 144.625], "R_squared": [0.9914424419403076, 0.990760326385498, 0.9918373823165894]}