{"training_duration": 3.598041296005249, "inference_latency": 0.0006203519475871119, "RMSE_loss": [1.324432373046875, 0.9628299474716187, 0.9261447787284851], "R_squared": [-0.08507430553436279, 0.0014810562133789062, -0.08833956718444824]}