{"training_duration": 2.819514513015747, "inference_latency": 0.00048612319189926675, "RMSE_loss": [187.9301300048828, 163.4768524169922, 210.77664184570312], "R_squared": [0.9886901378631592, 0.985081136226654, 0.9907572269439697]}