{"training_duration": 3.369075059890747, "inference_latency": 0.0005808750103259908, "RMSE_loss": [169.64268493652344, 148.05906677246094, 181.94451904296875], "R_squared": [0.989790678024292, 0.9864881634712219, 0.9920215606689453]}