{"training_duration": 4.0097527503967285, "inference_latency": 0.0006913366811028842, "RMSE_loss": [2.1958835124969482, 1.9744330644607544, 1.9684511423110962], "R_squared": [-0.79903244972229, -1.0476188659667969, -1.3131840229034424]}