{"training_duration": 3.2144358158111572, "inference_latency": 0.0005542130716915788, "RMSE_loss": [2.485635995864868, 2.035266399383545, 2.4765758514404297], "R_squared": [-1.03641939163208, -1.1107070446014404, -1.9102962017059326]}