{"training_duration": 2.5487074851989746, "inference_latency": 0.00043943232503430597, "RMSE_loss": [167.6126251220703, 147.75250244140625, 178.9090576171875], "R_squared": [0.9899128675460815, 0.9865161180496216, 0.9921546578407288]}