{"validation_rmse": 106.42259903801126, "test_rmse": 83.86528464576534, "validation_r2": 0.28311888581487643, "test_r2": 0.5110246814626483}