{"training_duration": 2.8494415283203125, "inference_latency": 0.0004912830221241918, "RMSE_loss": [170.13026428222656, 142.0288848876953, 193.9781036376953], "R_squared": [0.9897613525390625, 0.9870384335517883, 0.9914938807487488]}