{"training_duration": 3.0948548316955566, "inference_latency": 0.000533595660637165, "RMSE_loss": [159.78707885742188, 128.76031494140625, 169.81776428222656], "R_squared": [0.9903838038444519, 0.9882493615150452, 0.9925532937049866]}