{"validation_rmse": 102.82984975190813, "test_rmse": 103.57862838474217, "validation_r2": 0.1242005058758272, "test_r2": 0.29340280773180394}