{"validation_rmse": 108.42655908791187, "test_rmse": 112.9496145268951, "validation_r2": 0.3771135351020204, "test_r2": 0.28397729003999583}