{"training_duration": 2.6816394329071045, "inference_latency": 0.00046235162636329387, "RMSE_loss": [140.30331420898438, 122.1960220336914, 138.0683135986328], "R_squared": [0.9916403889656067, 0.9920623898506165, 0.9922074675559998]}