{"validation_rmse": 100.78159737689654, "test_rmse": 111.7688424832828, "validation_r2": 0.3875716590667132, "test_r2": 0.35267693993085614}