{"training_duration": 3.162611961364746, "inference_latency": 0.0005452779243732321, "RMSE_loss": [149.2923126220703, 135.35972595214844, 145.5547332763672], "R_squared": [0.991104781627655, 0.9912073016166687, 0.991784930229187]}