{"training_duration": 3.6133275032043457, "inference_latency": 0.0006229875005524734, "RMSE_loss": [1.7494477033615112, 1.3109184503555298, 1.30571711063385], "R_squared": [-0.4332786798477173, -0.3595099449157715, -0.5343860387802124]}