{"validation_acc": 0.392, "test_acc": 0.3467741935483871, "validation_f1": 0.38342512323644395, "test_f1": 0.3451269823891261}