{"training_duration": 3.7717554569244385, "inference_latency": 0.0006503026649869721, "RMSE_loss": [1.9263936281204224, 1.4528675079345703, 1.4767825603485107], "R_squared": [-0.5782461166381836, -0.5067206621170044, -0.7354100942611694]}