{"training_duration": 3.856823444366455, "inference_latency": 0.0006649695593735267, "RMSE_loss": [1.3959400653839111, 1.2111144065856934, 1.1675775051116943], "R_squared": [-0.14365875720977783, -0.25600647926330566, -0.37205421924591064]}