{"training_duration": 3.609717607498169, "inference_latency": 0.0006223651047410636, "RMSE_loss": [1.4197067022323608, 1.120002031326294, 1.0772807598114014], "R_squared": [-0.16313016414642334, -0.16151690483093262, -0.26594388484954834]}